"","departamento","ciudad","localidad","barrio","eventos"
"1","Cundinamarca","Bogot","Usaqu","Cedritos",691
"2","Cundinamarca","Bogot","Teusaquillo","Ciudad",318
"3","Cundinamarca","Bogot","Chapinero","Chapinero",308
"4","Cundinamarca","Bogot","Suba","La",259
"5","Cundinamarca","Bogot","Usaqu","Santa",247
"6","Cundinamarca","Bogot","Suba","Pasadena",215
"7","Cundinamarca","Bogot","Engativ","Normandia",206
"8","Cundinamarca","Bogot","Fontib","Modelia",201
"9","Cundinamarca","Bogot","Chapinero","Chico",191
"10","Cundinamarca","Bogot","Fontib","Hayuelos",188
"11","Cundinamarca","Bogot","Teusaquillo","Galerias",180
"12","Cundinamarca","Bogot","Suba","Mazuren",167
"13","Cundinamarca","Bogot","Teusaquillo","La",158
"14","Cundinamarca","Bogot","Engativ","La",150
"15","Cundinamarca","Bogot","Suba","Prado",141
"16","Cundinamarca","Bogot","Chapinero","El",140
"17","Cundinamarca","Bogot","Engativ","Villas",138
"18","Cundinamarca","Bogot","Usaqu","El",135
"19","Cundinamarca","Girardot","Comuna","Bocas",135
"20","Cundinamarca","Bogot","Teusaquillo","Quinta",128
"21","Cundinamarca","Bogot","Suba","Pontevedra",124
"22","Cundinamarca","Bogot","Engativ","Alamos",117
"23","Cundinamarca","Bogot","Kennedy","El",113
"24","Cundinamarca","Bogot","Usaqu","Bella",113
"25","Cundinamarca","Bogot","Engativ","El",108
"26","Cundinamarca","Bogot","Barrios","Polo",106
"27","Cundinamarca","Bogot","Barrios","Rionegro",106
"28","Cundinamarca","Bogot","Barrios","San",106
"29","Cundinamarca","Bogot","Suba","Puente",106
"30","Cundinamarca","Bogot","Suba","San",106
"31","Cundinamarca","Bogot","Kennedy","Castilla",105
"32","Cundinamarca","Bogot","Teusaquillo","Nicolas",105
"33","Antioquia","Medell","Comuna","La",104
"34","Antioquia","Medell","Medell","San",101
"35","Cundinamarca","Bogot","Barrios","La",97
"36","Cundinamarca","Bogot","Usaqu","San",94
"37","Cundinamarca","Bogot","Suba","Suba",92
"38","Cundinamarca","Bogot","Engativ","Bochica",89
"39","Cundinamarca","Bogot","Fontib","Bosque",88
"40","Cundinamarca","Bogot","Santa","La",86
"41","Cundinamarca","Bogot","Ciudad","Madelena",84
"42","Cundinamarca","Bogot","Fontib","La",83
"43","Cundinamarca","Bogot","Usaqu","La",82
"44","Cundinamarca","Bogot","Engativ","Minuto",81
"45","Cundinamarca","Bogot","Kennedy","Ciudad",81
"46","Cundinamarca","Bogot","Chapinero","Los",78
"47","Cundinamarca","Bogot","Barrios","Jose",77
"48","Cundinamarca","Bogot","Suba","Batan",75
"49","Cundinamarca","Bogot","Engativ","Ciudadela",74
"50","Cundinamarca","Bogot","Engativ","Gran",73
"51","Cundinamarca","Bogot","Engativ","Santa",73
"52","Cundinamarca","Bogot","Usaqu","Chico",73
"53","Cundinamarca","Bogot","Puente","Ciudad",70
"54","Cundinamarca","Bogot","Usaqu","Belmira",70
"55","Antioquia","Medell","Comuna","El",66
"56","Cundinamarca","Bogot","Antonio","Ciudad",66
"57","Cundinamarca","Bogot","Engativ","Bosque",66
"58","Cundinamarca","Bogot","Barrios","Metropolis",63
"59","Cundinamarca","Bogot","Martires","Santa",63
"60","Cundinamarca","Bogot","Suba","Mirandela",63
"61","Cundinamarca","Bogot","Engativ","Bonanza",61
"62","Cundinamarca","Bogot","Kennedy","Villa",61
"63","Cundinamarca","Bogot","Teusaquillo","El",61
"64","Cundinamarca","Bogot","Teusaquillo","Palermo",60
"65","Cundinamarca","Bogot","Tunjuelito","Ciudad",60
"66","Cundinamarca","Bogot","Engativ","Modelo",58
"67","Cundinamarca","Bogot","Suba","Alhambra",57
"68","Cundinamarca","Bogot","Engativ","Estrada",56
"69","Cundinamarca","Bogot","Puente","Santa",56
"70","Cundinamarca","Bogot","Teusaquillo","Pablo",55
"71","Cundinamarca","Bogot","Kennedy","Mandalay",53
"72","Cundinamarca","Bogot","Suba","Niza",53
"73","Cundinamarca","Bogot","Engativ","Las",52
"74","Cundinamarca","Bogot","Suba","Andes",52
"75","Cundinamarca","Bogot","Teusaquillo","Rafael",52
"76","Cundinamarca","Bogot","Kennedy","Nueva",51
"77","Cundinamarca","Bogot","Teusaquillo","Teusaquillo",51
"78","Cundinamarca","Bogot","Usaqu","Usaqu",50
"79","Cundinamarca","Bogot","Engativ","Villa",49
"80","Cundinamarca","Bogot","Kennedy","Marsella",49
"81","Antioquia","Medell","Comuna","Los",47
"82","Cundinamarca","Bogot","Engativ","Los",47
"83","Cundinamarca","Bogot","Barrios","Simon",46
"84","Cundinamarca","Bogot","Kennedy","Urbanizaci",46
"85","Cundinamarca","Bogot","Teusaquillo","Gran",46
"86","Cundinamarca","Bogot","Fontib","Fontibon",45
"87","Cundinamarca","Bogot","Usaqu","Nueva",44
"88","Cundinamarca","Girardot","Comuna","Bogot",44
"89","Antioquia","Medell","Comuna","Bel",43
"90","Cundinamarca","Bogot","Santa","Centro",43
"91","Cundinamarca","Bogot","Suba","Britalia",43
"92","Cundinamarca","Bogot","Suba","Gilmar",43
"93","Cundinamarca","Bogot","Engativ","Quirigua",42
"94","Cundinamarca","Bogot","Suba","Cantalejo",41
"95","Antioquia","Medell","Comuna","Boston",39
"96","Cundinamarca","Bogot","Kennedy","Boita",39
"97","Antioquia","Medell","Comuna","Campo",37
"98","Cundinamarca","Bogot","Rafael","Villa",37
"99","Cundinamarca","Bogot","Santa","Las",36
"100","Cundinamarca","Bogot","Kennedy","Americas",34
"101","Cundinamarca","Bogot","Teusaquillo","Salitre",34
"102","Cundinamarca","Bogot","Chapinero","La",33
"103","Cundinamarca","Bogot","Kennedy","Bosques",33
"104","Cundinamarca","Bogot","Suba","Villa",33
"105","Cundinamarca","Bogot","Usaqu","Cedro",33
"106","Cundinamarca","Bogot","Engativ","Bolivia",32
"107","Cundinamarca","Bogot","Usaqu","Las",32
"108","Cundinamarca","Bogot","Ciudad","Bogota",31
"109","Cundinamarca","Bogot","Suba","Lagos",31
"110","Cundinamarca","Bogot","Bosa","Bosa",30
"111","Cundinamarca","Bogot","Engativ","Engativa",30
"112","Valle","Cali","Comuna","El",30
"113","Cundinamarca","Bogot","Bosa","El",29
"114","Cundinamarca","Bogot","Chapinero","Antiguo",29
"115","Cundinamarca","Bogot","Suba","El",29
"116","Cundinamarca","Bogot","Kennedy","Alsacia",28
"117","Cundinamarca","Bogot","Rafael","Gustavo",28
"118","Cundinamarca","Bogot","Usaqu","Lisboa",28
"119","Antioquia","Medell","Comuna","San",27
"120","Cundinamarca","Bogot","Engativ","San",27
"121","Cundinamarca","Bogot","Chapinero","Emaus",26
"122","Cundinamarca","Bogot","Chapinero","Quinta",26
"123","Cundinamarca","Bogot","Kennedy","Carvajal",26
"124","Cundinamarca","Bogot","Teusaquillo","Belalcazar",25
"125","Antioquia","Medell","Comuna","Calasanz",24
"126","Cundinamarca","Bogot","Chapinero","Porciuncula",24
"127","Cundinamarca","Bogot","Engativ","Ciudad",24
"128","Cundinamarca","Bogot","Suba","Morato",24
"129","Cundinamarca","Bogot","Suba","Portales",24
"130","Cundinamarca","Bogot","Chapinero","Sucre",23
"131","Cundinamarca","Bogot","Engativ","Boyac",23
"132","Cundinamarca","Bogot","La","Las",23
"133","Cundinamarca","Bogot","Suba","Las",23
"134","Cundinamarca","Bogot","Suba","Santa",23
"135","Cundinamarca","Bogot","Barrios","Los",22
"136","Cundinamarca","Bogot","Chapinero","Marly",22
"137","Cundinamarca","Bogot","Kennedy","La",22
"138","Cundinamarca","Bogot","Puente","Galan",22
"139","Cundinamarca","Bogot","Suba","Los",22
"140","Cundinamarca","Bogot","Suba","Vereda",22
"141","Cundinamarca","Bogot","Teusaquillo","Corferias",22
"142","Cundinamarca","Bogot","Usaqu","Bosque",22
"143","Cundinamarca","Soacha","Otras","Ciudad",22
"144","Antioquia","Medell","Comuna","C",21
"145","Antioquia","Medell","Comuna","Ciudad",21
"146","Atl","Soledad","Soledad","Ciudad",21
"147","Cundinamarca","Bogot","Fontib","El",21
"148","Antioquia","Medell","Comuna","Carlos",20
"149","Antioquia","Medell","Comuna","Las",20
"150","Cundinamarca","Bogot","Fontib","Capellania",20
"151","Cundinamarca","Bogot","Puente","La",20
"152","Cundinamarca","Bogot","Teusaquillo","San",20
"153","Cundinamarca","Bogot","Usaqu","Barrancas",20
"154","Cundinamarca","Soacha","Otras","Soacha",20
"155","Antioquia","Medell","Comuna","Santa",19
"156","Cundinamarca","Bogot","Engativ","Garces",19
"157","Cundinamarca","Bogot","Suba","Ciudadela",19
"158","Cundinamarca","Bogot","Suba","Ilarco",19
"159","Cundinamarca","Bogot","Suba","Nueva",19
"160","Cundinamarca","Bogot","Usaqu","Rincon",19
"161","Antioquia","Medell","Comuna","Bombona",18
"162","Cundinamarca","Bogot","Engativ","Zarzamora",18
"163","Cundinamarca","Bogot","Santa","Bosque",18
"164","Cundinamarca","Bogot","Suba","Compartir",18
"165","Cundinamarca","Bogot","Suba","Gratamira",18
"166","Cundinamarca","Bogot","Teusaquillo","Acevedo",18
"167","Santander","Bucaramanga","Comuna","Bucaramanga",18
"168","Valle","Cali","Comuna","Ciudad",18
"169","Antioquia","Medell","Comuna","Castropol",17
"170","Antioquia","Sabaneta","Sabaneta","Sabaneta",17
"171","Atl","Barranquilla","Riomar","Villa",17
"172","Cundinamarca","Bogot","Rafael","Country",17
"173","Cundinamarca","Bogot","Suba","Victoria",17
"174","Cundinamarca","Bogot","Teusaquillo","Quirinal",17
"175","Santander","Floridablanca","Floridablanca","Alto",17
"176","Antioquia","Medell","Comuna","F",16
"177","Antioquia","Medell","Comuna","Loma",16
"178","Cundinamarca","Bogot","Chapinero","Lago",16
"179","Cundinamarca","Bogot","Puente","Puente",16
"180","Cundinamarca","Bogot","Suba","Ciudad",16
"181","Cundinamarca","Bogot","Suba","Lombardia",16
"182","Cundinamarca","Bogot","Antonio","Villa",15
"183","Cundinamarca","Bogot","Engativ","Paris",15
"184","Cundinamarca","Bogot","Kennedy","Alameda",15
"185","Cundinamarca","Bogot","Martires","Veraguas",15
"186","Cundinamarca","Bogot","Puente","Brisas",15
"187","Cundinamarca","Bogot","Puente","Carabelas",15
"188","Cundinamarca","Bogot","Puente","Tibana",15
"189","Cundinamarca","Bogot","San","De",15
"190","Cundinamarca","Bogot","Suba","Granada",15
"191","Cundinamarca","Bogot","Suba","Iberia",15
"192","Cundinamarca","Bogot","Suba","Pinar",15
"193","Antioquia","Medell","Comuna","Cristo",14
"194","Antioquia","Medell","Comuna","Enciso",14
"195","Cundinamarca","Bogot","Antonio","Restrepo",14
"196","Cundinamarca","Bogot","Tunjuelito","Venecia",14
"197","Antioquia","Medell","Comuna","Manila",13
"198","Antioquia","Rionegro","Comuna","San",13
"199","Cundinamarca","Bogot","Fontib","Cofradia",13
"200","Cundinamarca","Bogot","Fontib","Villemar",13
"201","Cundinamarca","Bogot","Kennedy","Floralia",13
"202","Cundinamarca","Bogot","Kennedy","Lago",13
"203","Cundinamarca","Bogot","Puente","Alqueria",13
"204","Cundinamarca","Bogot","San","Quinta",13
"205","Cundinamarca","Bogot","San","San",13
"206","Cundinamarca","Bogot","Suba","Estoril",13
"207","Cundinamarca","Bogot","Usaqu","Multicentro",13
"208","Santander","Bucaramanga","Comuna","La",13
"209","Santander","Gir","Gir","Gir",13
"210","Valle","Cali","Comuna","Valle",13
"211","Antioquia","Bello","La","Caba",12
"212","Antioquia","Medell","Comuna","Manrique",12
"213","Antioquia","Medell","Comuna","Patio",12
"214","Antioquia","Medell","Medell","Santa",12
"215","Antioquia","Rionegro","Corregimiento","Vereda",12
"216","Atl","Barranquilla","Sur","Atl",12
"217","Cundinamarca","Bogot","Barrios","Alcazares",12
"218","Cundinamarca","Bogot","Barrios","de",12
"219","Cundinamarca","Bogot","Engativ","Metropolis",12
"220","Cundinamarca","Bogot","Puente","Autopista",12
"221","Cundinamarca","Bogot","Rafael","Quiroga",12
"222","Cundinamarca","Bogot","Rafael","San",12
"223","Cundinamarca","Bogot","Santa","San",12
"224","Cundinamarca","Bogot","Usaqu","Villa",12
"225","Tolima","Ibagu","Comuna","Urbanizaci",12
"226","Antioquia","Bello","La","La",11
"227","Antioquia","Envigado","Envigado","Cumbres",11
"228","Antioquia","Medell","Comuna","Altos",11
"229","Cundinamarca","Bogot","Bosa","Berlin",11
"230","Cundinamarca","Bogot","Chapinero","Bosque",11
"231","Cundinamarca","Bogot","Chapinero","Maria",11
"232","Cundinamarca","Bogot","Fontib","Salitre",11
"233","Cundinamarca","Bogot","Kennedy","Casa",11
"234","Cundinamarca","Bogot","Kennedy","Roma",11
"235","Cundinamarca","Bogot","Kennedy","Santa",11
"236","Cundinamarca","Bogot","Kennedy","Timiza",11
"237","Cundinamarca","Bogot","Rafael","Bravo",11
"238","Cundinamarca","Bogot","Usaqu","Tibabita",11
"239","Antioquia","Medell","Comuna","Alfonso",10
"240","Antioquia","Medell","Comuna","Florida",10
"241","Atl","Barranquilla","Sur","Pasadena",10
"242","Cundinamarca","Bogot","Bosa","La",10
"243","Cundinamarca","Bogot","Bosa","Santa",10
"244","Cundinamarca","Bogot","Chapinero","Pardo",10
"245","Cundinamarca","Bogot","Ciudad","Ismael",10
"246","Cundinamarca","Bogot","Engativ","Tabora",10
"247","Cundinamarca","Bogot","Fontib","Carlos",10
"248","Cundinamarca","Bogot","Kennedy","Tintala",10
"249","Cundinamarca","Bogot","Martires","Eduardo",10
"250","Cundinamarca","Bogot","Teusaquillo","Alfonso",10
"251","Cundinamarca","Bogot","Teusaquillo","Campin",10
"252","Cundinamarca","Bogot","Teusaquillo","Chapinero",10
"253","Cundinamarca","Bogot","Usaqu","Unicentro",10
"254","Cundinamarca","Soacha","Comuna","Soacha",10
"255","Huila","Neiva","Comuna","Neiva",10
"256","Valle","Caicedonia","Caicedonia","Valle",10
"257","Antioquia","Medell","Comuna","Aranjuez",9
"258","Antioquia","Medell","Comuna","Florencia",9
"259","Cauca","Popay","Comuna","Colina",9
"260","Cundinamarca","Bogot","Bosa","Villas",9
"261","Cundinamarca","Bogot","Ciudad","Cedritos",9
"262","Cundinamarca","Bogot","Engativ","Andalucia",9
"263","Cundinamarca","Bogot","Engativ","Florencia",9
"264","Cundinamarca","Bogot","Engativ","Morisco",9
"265","Cundinamarca","Bogot","La","Candelaria",9
"266","Cundinamarca","Bogot","Puente","Jazmin",9
"267","Cundinamarca","Bogot","Puente","Villa",9
"268","Cundinamarca","Bogot","Suba","Julio",9
"269","Cundinamarca","Bogot","Tunjuelito","Fatima",9
"270","Cundinamarca","Girardot","Comuna","Brisas",9
"271","Santander","Bucaramanga","Comuna","Diamante",9
"272","Valle","Cali","Comuna","Tejares",9
"273","Antioquia","La","La","La",8
"274","Antioquia","Medell","Comuna","Suramericana",8
"275","Cundinamarca","Bogot","Bosa","Chicala",8
"276","Cundinamarca","Bogot","Bosa","San",8
"277","Cundinamarca","Bogot","Ciudad","Cooperativa",8
"278","Cundinamarca","Bogot","Ciudad","El",8
"279","Cundinamarca","Bogot","Engativ","Palo",8
"280","Cundinamarca","Bogot","Kennedy","Los",8
"281","Cundinamarca","Bogot","Kennedy","Patio",8
"282","Cundinamarca","Bogot","Martires","Usatama",8
"283","Cundinamarca","Bogot","Suba","Alcala",8
"284","Cundinamarca","Bogot","Suba","Cerros",8
"285","Cundinamarca","Bogot","Suba","Guaymaral",8
"286","Cundinamarca","Bogot","Usaqu","Nuevo",8
"287","Quind","Armenia","Comuna","Quindio",8
"288","Santander","Piedecuesta","Piedecuesta","Balcones",8
"289","Valle","Cali","Comuna","Ciudadela",8
"290","Valle","Cali","Comuna","Los",8
"291","Valle","Cali","Comuna","San",8
"292","Antioquia","Envigado","Envigado","El",7
"293","Antioquia","Itag","Comuna","Ditaires",7
"294","Antioquia","Medell","Comuna","Boyac",7
"295","Antioquia","Medell","Comuna","Rodeo",7
"296","Antioquia","Medell","Comuna","Sevilla",7
"297","Caldas","Manizales","Comuna","La",7
"298","Cundinamarca","Bogot","Barrios","Entre",7
"299","Cundinamarca","Bogot","Barrios","Santa",7
"300","Cundinamarca","Bogot","Engativ","Bellavista",7
"301","Cundinamarca","Bogot","Kennedy","Avenida",7
"302","Cundinamarca","Bogot","Kennedy","Tundama",7
"303","Cundinamarca","Bogot","Kennedy","Vereda",7
"304","Cundinamarca","Bogot","La","Nueva",7
"305","Cundinamarca","Bogot","Puente","Cundinamarca",7
"306","Cundinamarca","Bogot","Puente","Milenta",7
"307","Cundinamarca","Bogot","Puente","San",7
"308","Cundinamarca","Bogot","Rafael","Los",7
"309","Cundinamarca","Bogot","Suba","Almendros",7
"310","Cundinamarca","Bogot","Suba","Atabanza",7
"311","Cundinamarca","Bogot","Suba","Aures",7
"312","Cundinamarca","Bogot","Suba","Lisboa",7
"313","Cundinamarca","Bogot","Suba","Malibu",7
"314","Cundinamarca","Bogot","Suba","Sabana",7
"315","Cundinamarca","Bogot","Suba","Teusaquillo",7
"316","Cundinamarca","Bogot","Teusaquillo","Quesada",7
"317","Cundinamarca","Bogot","Teusaquillo","quinta",7
"318","Cundinamarca","Bogot","Usaqu","Lijac",7
"319","Risaralda","Pereira","Pereira","Corregimiento",7
"320","Santander","Bucaramanga","Comuna","San",7
"321","Santander","Floridablanca","Floridablanca","Bucarica",7
"322","Santander","Floridablanca","Floridablanca","Ca",7
"323","Valle","Cali","Comuna","Brisas",7
"324","Valle","Cali","Comuna","La",7
"325","Antioquia","Bello","Mirador","Niqu",6
"326","Antioquia","Itag","Comuna","Viviendas",6
"327","Antioquia","Medell","Comuna","Laureles",6
"328","Atl","Barranquilla","Norte","Ciudad",6
"329","Cundinamarca","Bogot","Antonio","Policarpa",6
"330","Cundinamarca","Bogot","Barrios","Popular",6
"331","Cundinamarca","Bogot","Chapinero","Bellavista",6
"332","Cundinamarca","Bogot","Ciudad","Candelaria",6
"333","Cundinamarca","Bogot","Fontib","Zona",6
"334","Cundinamarca","Bogot","Kennedy","Bavaria",6
"335","Cundinamarca","Bogot","Kennedy","Tintalito",6
"336","Cundinamarca","Bogot","Martires","Samper",6
"337","Cundinamarca","Bogot","Puente","Alcala",6
"338","Cundinamarca","Bogot","San","Nari",6
"339","Cundinamarca","Bogot","Suba","Colinas",6
"340","Cundinamarca","Bogot","Suba","Nuevo",6
"341","Cundinamarca","Bogot","Suba","Potosi",6
"342","Cundinamarca","Bogot","Suba","Tuna",6
"343","Cundinamarca","Bogot","Usaqu","Balmoral",6
"344","Cundinamarca","Bogot","Usaqu","Montearroyo",6
"345","Cundinamarca","Bogot","Usaqu","Villas",6
"346","Cundinamarca","Girardot","Comuna","La",6
"347","Magdalena","Santa","Comuna","Rodadero",6
"348","Santander","Bucaramanga","Comuna","Ciudadela",6
"349","Santander","Bucaramanga","Comuna","Sotomayor",6
"350","Valle","Cali","Comuna","Santa",6
"351","Valle","Cali","Comuna","Urbanizaci",6
"352","Antioquia","Bello","Niquia","Niquia",5
"353","Antioquia","Itag","Comuna","Santa",5
"354","Antioquia","Medell","Comuna","Bosques",5
"355","Atl","Barranquilla","Norte","El",5
"356","Cundinamarca","Bogot","Barrios","De",5
"357","Cundinamarca","Bogot","Barrios","Quinta",5
"358","Cundinamarca","Bogot","Kennedy","Carimagua",5
"359","Cundinamarca","Bogot","Kennedy","Catalina",5
"360","Cundinamarca","Bogot","Kennedy","Hipotecho",5
"361","Cundinamarca","Bogot","Kennedy","Nuevo",5
"362","Cundinamarca","Bogot","Martires","El",5
"363","Cundinamarca","Bogot","Puente","Bochica",5
"364","Cundinamarca","Bogot","Puente","Los",5
"365","Cundinamarca","Bogot","San","Calvo",5
"366","Cundinamarca","Bogot","San","Sociego",5
"367","Cundinamarca","Bogot","Suba","Altos",5
"368","Cundinamarca","Bogot","Suba","Coasmedas",5
"369","Cundinamarca","Bogot","Suba","Prados",5
"370","Cundinamarca","Bogot","Suba","Rincon",5
"371","Cundinamarca","Bogot","Suba","Tarragona",5
"372","Cundinamarca","Bogot","Teusaquillo","Centro",5
"373","Cundinamarca","Bogot","Teusaquillo","Santa",5
"374","Cundinamarca","Bogot","Tunjuelito","Rincon",5
"375","Cundinamarca","Bogot","Tunjuelito","Tunjuelito",5
"376","Cundinamarca","Bogot","Usaqu","Country",5
"377","Cundinamarca","Bogot","Usaqu","Molinos",5
"378","Cundinamarca","Bogot","Usaqu","Navarra",5
"379","Cundinamarca","Bogot","Usme","Ciudadela",5
"380","Cundinamarca","Bogot","Usme","La",5
"381","Cundinamarca","Soacha","Comuna","Ciudad",5
"382","Cundinamarca","Soacha","Comuna","Cumbres",5
"383","Risaralda","Dosquebradas","Comuna","La",5
"384","Santander","Bucaramanga","COMUNA","Bucaramanga",5
"385","Santander","Bucaramanga","Comuna","Nuevo",5
"386","Valle","Cali","Cali","Corregimiento",5
"387","Valle","Jamund","Corregimiento","Vereda",5
"388","Valle","Palmira","Comuna","Ciudadela",5
"389","Antioquia","Bello","La","El",4
"390","Antioquia","Medell","Comuna","Alejandr",4
"391","Antioquia","Medell","Comuna","Aliadas",4
"392","Antioquia","Medell","Comuna","Miraflores",4
"393","Antioquia","Medell","Comuna","Pedregal",4
"394","Antioquia","Medell","Comuna","Rosales",4
"395","Atl","Barranquilla","Sur","Las",4
"396","Bol","Cartagena","Hist","Bocagrande",4
"397","Caldas","Manizales","Comuna","Estambul",4
"398","Caldas","Manizales","Comuna","Palermo",4
"399","Caquet","Florencia","Comuna","Altos",4
"400","Cundinamarca","Bogot","Barrios","Chapinero",4
"401","Cundinamarca","Bogot","Barrios","Jorge",4
"402","Cundinamarca","Bogot","Ciudad","Galicia",4
"403","Cundinamarca","Bogot","Ciudad","Sotavento",4
"404","Cundinamarca","Bogot","Ciudad","Urbanizaci",4
"405","Cundinamarca","Bogot","Engativ","Alameda",4
"406","Cundinamarca","Bogot","Engativ","Florida",4
"407","Cundinamarca","Bogot","Fontib","Sausalito",4
"408","Cundinamarca","Bogot","Fontib","Tarragona",4
"409","Cundinamarca","Bogot","Kennedy","Agrupacion",4
"410","Cundinamarca","Bogot","Kennedy","Aloha",4
"411","Cundinamarca","Bogot","Kennedyl","Ciudad",4
"412","Cundinamarca","Bogot","Puente","Camelia",4
"413","Cundinamarca","Bogot","Puente","Jorge",4
"414","Cundinamarca","Bogot","San","La",4
"415","Cundinamarca","Bogot","San","Santa",4
"416","Cundinamarca","Bogot","Suba","Alcaparros",4
"417","Cundinamarca","Bogot","Suba","Atenas",4
"418","Cundinamarca","Bogot","Suba","Bilbao",4
"419","Cundinamarca","Bogot","Suba","Cordoba",4
"420","Cundinamarca","Bogot","Suba","Monaco",4
"421","Cundinamarca","Bogot","Suba","Sotileza",4
"422","Cundinamarca","Bogot","Teusaquillo","Armenia",4
"423","Cundinamarca","Bogot","Tunjuelito","Condado",4
"424","Cundinamarca","Bogot","Usaqu","Maranta",4
"425","Cundinamarca","Bogot","Usme","Brazuelos",4
"426","Cundinamarca","Soacha","Comuna","Hogares",4
"427","Cundinamarca","Soacha","Comuna","Urbanizaci",4
"428","Huila","Neiva","Comuna","El",4
"429","Norte","Oca","Comuna","La",4
"430","Quind","Calarca","Calarc","Portal",4
"431","Risaralda","Pereira","Comuna","Ciudad",4
"432","Santander","Bucaramanga","Comuna","Antonia",4
"433","Santander","Floridablanca","Floridablanca","Altos",4
"434","Valle","Cali","Comuna","Chipichape",4
"435","Valle","Cali","Comuna","Crist",4
"436","Valle","Cali","Comuna","Granada",4
"437","Valle","Cali","Comuna","Mel",4
"438","Valle","Cali","Comuna","Parcelaciones",4
"439","Valle","Cali","Comuna","Sector",4
"440","Valle","Cali","Comuna","Villa",4
"441","Antioquia","Bello","Niquia","Niqu",3
"442","Antioquia","Bello","Su","Manchester",3
"443","Antioquia","Envigado","Envigado","Bosques",3
"444","Antioquia","Envigado","Envigado","Loma",3
"445","Antioquia","Envigado","Envigado","Mil",3
"446","Antioquia","Itag","Comuna","San",3
"447","Antioquia","Itag","Comuna","Sim",3
"448","Antioquia","Marinilla","Marinilla","Las",3
"449","Antioquia","Medell","Comuna","Barrio",3
"450","Antioquia","Medell","Comuna","Bello",3
"451","Antioquia","Medell","Comuna","Catalu",3
"452","Antioquia","Medell","Comuna","Loreto",3
"453","Antioquia","Medell","Comuna","Moravia",3
"454","Antioquia","Medell","Comuna","Sim",3
"455","Antioquia","Medell","Comuna","Tricentenario",3
"456","Bol","Cartagena","Hist","Manga",3
"457","C","Monter","Comuna","Monter",3
"458","Cauca","Popay","Comuna","Santiago",3
"459","Cesar","Valledupar","Comuna","La",3
"460","Cundinamarca","Bogot","Antonio","La",3
"461","Cundinamarca","Bogot","Antonio","San",3
"462","Cundinamarca","Bogot","Barrios","Baquero",3
"463","Cundinamarca","Bogot","Barrios","Conjunto",3
"464","Cundinamarca","Bogot","Bosa","Pablo",3
"465","Cundinamarca","Bogot","Bosa","Villa",3
"466","Cundinamarca","Bogot","Chapinero","Catalu",3
"467","Cundinamarca","Bogot","Chapinero","Ingemar",3
"468","Cundinamarca","Bogot","Chapinero","Mariscal",3
"469","Cundinamarca","Bogot","Chapinero","Nueva",3
"470","Cundinamarca","Bogot","Ciudad","La",3
"471","Cundinamarca","Bogot","Ciudad","Perdomo",3
"472","Cundinamarca","Bogot","Engativ","Acapulco",3
"473","Cundinamarca","Bogot","Fontib","Santa",3
"474","Cundinamarca","Bogot","Kennedy","Alquerias",3
"475","Cundinamarca","Bogot","Kennedy","Centro",3
"476","Cundinamarca","Bogot","Kennedy","Conjunto",3
"477","Cundinamarca","Bogot","Kennedy","Delicias",3
"478","Cundinamarca","Bogot","Kennedy","Gal",3
"479","Cundinamarca","Bogot","Kennedy","Lagos",3
"480","Cundinamarca","Bogot","Kennedy","Multifamiliar",3
"481","Cundinamarca","Bogot","Kennedy","Pastranita",3
"482","Cundinamarca","Bogot","Kennedy","Pio",3
"483","Cundinamarca","Bogot","Kennedy","Techo",3
"484","Cundinamarca","Bogot","Kennedy","Valladolid",3
"485","Cundinamarca","Bogot","Rafael","Ingles",3
"486","Cundinamarca","Bogot","Rafael","Palermo",3
"487","Cundinamarca","Bogot","Rafael","Santa",3
"488","Cundinamarca","Bogot","San","Bello",3
"489","Cundinamarca","Bogot","San","Canada",3
"490","Cundinamarca","Bogot","Santa","Germania",3
"491","Cundinamarca","Bogot","Santa","Parque",3
"492","Cundinamarca","Bogot","Santa","Torres",3
"493","Cundinamarca","Bogot","Suba","Bogota",3
"494","Cundinamarca","Bogot","Suba","Calatrava",3
"495","Cundinamarca","Bogot","Suba","Calima",3
"496","Cundinamarca","Bogot","Suba","Casa",3
"497","Cundinamarca","Bogot","Suba","Pinos",3
"498","Cundinamarca","Bogot","Suba","Pradera",3
"499","Cundinamarca","Bogot","Suba","Tejares",3
"500","Cundinamarca","Bogot","Suba","Turingia",3
"501","Cundinamarca","Bogot","Teusaquillo","Las",3
"502","Cundinamarca","Bogot","Tunjuelito","Casa",3
"503","Cundinamarca","Bogot","Tunjuelito","San",3
"504","Cundinamarca","Bogot","Usaqu","Recodo",3
"505","Cundinamarca","Bogot","Usme","Chapinerito",3
"506","Cundinamarca","Bogot","Usme","El",3
"507","Cundinamarca","Ch","Ch","Vereda",3
"508","Cundinamarca","Girardot","Comuna","Parques",3
"509","Cundinamarca","Madrid","Madrid","Cortijo",3
"510","Cundinamarca","Madrid","Madrid","Sosiego",3
"511","Cundinamarca","Tocancip","Tocancip","Los",3
"512","Cundinamarca","Zipaquir","Comuna","Parcelaci",3
"513","Norte","C","Comuna","Prados",3
"514","Santander","Barbosa","Barbosa","San",3
"515","Santander","Bucaramanga","Comuna","Cabecera",3
"516","Santander","Bucaramanga","Comuna","Santander",3
"517","Santander","Floridablanca","Floridablanca","Ruitoque",3
"518","Tolima","Ibagu","Comuna","Modelia",3
"519","Valle","Cali","Comuna","Calipso",3
"520","Valle","Cali","Comuna","Jun",3
"521","Valle","Cali","Comuna","Metropolitano",3
"522","Valle","Cali","Comuna","Normand",3
"523","Valle","Cali","Comuna","Talanga",3
"524","Valle","Cartago","Comuna","Camell",3
"525","Valle","Jamund","Jamund","El",3
"526","Antioquia","Andes","Corregimiento","Vereda",2
"527","Antioquia","Bello","Acevedo","Acevedo",2
"528","Antioquia","Bello","La","Barrio",2
"529","Antioquia","Bello","Paris","Par",2
"530","Antioquia","Caldas","Caldas","Mandalay",2
"531","Antioquia","Envigado","Envigado","La",2
"532","Antioquia","Envigado","Envigado","Zu",2
"533","Antioquia","La","La","Suramerica",2
"534","Antioquia","Medell","Comuna","Astorga",2
"535","Antioquia","Medell","Comuna","Belalcazar",2
"536","Antioquia","Medell","Comuna","Bol",2
"537","Antioquia","Medell","Comuna","Buenos",2
"538","Antioquia","Medell","Comuna","Gratamira",2
"539","Antioquia","Medell","Comuna","Guayabal",2
"540","Antioquia","Medell","Comuna","Jes",2
"541","Antioquia","Medell","Comuna","Popular",2
"542","Antioquia","Medell","Comuna","Provenza",2
"543","Atl","Barranquilla","Metropolitana","San",2
"544","Atl","Barranquilla","Norte","Betania",2
"545","Atl","Barranquilla","Norte","Modelo",2
"546","Atl","Soledad","Soledad","Los",2
"547","Atl","Soledad","Soledad","Normandia",2
"548","Bol","Cartagena","De","Contadora",2
"549","Caldas","Manizales","Comuna","Bajo",2
"550","Caldas","Manizales","Comuna","Guayacanes",2
"551","Caldas","Manizales","Comuna","Los",2
"552","Caldas","Palestina","Palestina","Vereda",2
"553","Cauca","Popay","Comuna","Nuevo",2
"554","Cundinamarca","Anolaima","Anolaima","Chico",2
"555","Cundinamarca","Anolaima","Anolaima","Vereda",2
"556","Cundinamarca","Bogot","Barrios","Escuela",2
"557","Cundinamarca","Bogot","Barrios","Juan",2
"558","Cundinamarca","Bogot","Barrios","Rafael",2
"559","Cundinamarca","Bogot","Bosa","Campo",2
"560","Cundinamarca","Bogot","Bosa","Los",2
"561","Cundinamarca","Bogot","Chapinero","San",2
"562","Cundinamarca","Bogot","Ciudad","Arborizadora",2
"563","Cundinamarca","Bogot","Ciudad","Republica",2
"564","Cundinamarca","Bogot","Engativ","Luis",2
"565","Cundinamarca","Bogot","Engativ","Meissen",2
"566","Cundinamarca","Bogot","Engativ","Plazuelas",2
"567","Cundinamarca","Bogot","Engativ","Primavera",2
"568","Cundinamarca","Bogot","Fontib","Mallorca",2
"569","Cundinamarca","Bogot","Kennedy","Aticos",2
"570","Cundinamarca","Bogot","Kennedy","Floresta",2
"571","Cundinamarca","Bogot","Kennedy","Gran",2
"572","Cundinamarca","Bogot","Kennedy","Las",2
"573","Cundinamarca","Bogot","Kennedy","Milenta",2
"574","Cundinamarca","Bogot","La","La",2
"575","Cundinamarca","Bogot","Martires","Colseguros",2
"576","Cundinamarca","Bogot","Martires","Paloquemao",2
"577","Cundinamarca","Bogot","Martires","Panamericano",2
"578","Cundinamarca","Bogot","Martires","Ricaurte",2
"579","Cundinamarca","Bogot","Puente","Muzu",2
"580","Cundinamarca","Bogot","Puente","Remanso",2
"581","Cundinamarca","Bogot","Puente","Tejar",2
"582","Cundinamarca","Bogot","Puente","Torremolinos",2
"583","Cundinamarca","Bogot","Rafael","Claret",2
"584","Cundinamarca","Bogot","Rafael","Hospital",2
"585","Cundinamarca","Bogot","Rafael","Marco",2
"586","Cundinamarca","Bogot","Rafael","Olaya",2
"587","Cundinamarca","Bogot","San","El",2
"588","Cundinamarca","Bogot","San","Los",2
"589","Cundinamarca","Bogot","San","Velodromo",2
"590","Cundinamarca","Bogot","San","Villa",2
"591","Cundinamarca","Bogot","Santa","Egipto",2
"592","Cundinamarca","Bogot","Santa","Lourdes",2
"593","Cundinamarca","Bogot","Suba","Caminos",2
"594","Cundinamarca","Bogot","Suba","Canodromo",2
"595","Cundinamarca","Bogot","Suba","Costa",2
"596","Cundinamarca","Bogot","Suba","Guicani",2
"597","Cundinamarca","Bogot","Suba","Montereserva",2
"598","Cundinamarca","Bogot","Suba","Teusaca",2
"599","Cundinamarca","Bogot","Subao","Alcala",2
"600","Cundinamarca","Bogot","Teusaquillo","ACEVEDO",2
"601","Cundinamarca","Bogot","Teusaquillo","Banco",2
"602","Cundinamarca","Bogot","Teusaquillo","GRAN",2
"603","Cundinamarca","Bogot","Teusaquillo","gran",2
"604","Cundinamarca","Bogot","Tunjuelito","Parque",2
"605","Cundinamarca","Bogot","Usaqu","Alameda",2
"606","Cundinamarca","Bogot","Usaqu","Campo",2
"607","Cundinamarca","Bogot","Usaqu","Caobos",2
"608","Cundinamarca","Bogot","Usaqu","Danubio",2
"609","Cundinamarca","Bogot","Usaqu","Estrella",2
"610","Cundinamarca","Bogot","Usaqu","Santandersito",2
"611","Cundinamarca","Bogot","Usaqu","Soatama",2
"612","Cundinamarca","Bogot","Usaqu","Torca",2
"613","Cundinamarca","Bogot","Usaqu","Torcoroma",2
"614","Cundinamarca","Ch","Ch","Bachue",2
"615","Cundinamarca","Ch","Ch","San",2
"616","Cundinamarca","Girardot","Comuna","Diamante",2
"617","Cundinamarca","Mosquera","Mosquera","Cortijo",2
"618","Cundinamarca","Mosquera","Mosquera","Hacienda",2
"619","Cundinamarca","Mosquera","Mosquera","Quintas",2
"620","Cundinamarca","Sop","Sop","Vereda",2
"621","Cundinamarca","Villeta","Villeta","Pe",2
"622","Meta","Villavicencio","Comuna","Antonio",2
"623","Quind","Armenia","Comuna","Bosques",2
"624","Risaralda","Dosquebradas","Comuna","Altos",2
"625","Risaralda","Pereira","Comuna","Centenario",2
"626","Santander","Barbosa","Barbosa","Francisco",2
"627","Santander","Barrancabermeja","Comuna","Campo",2
"628","Santander","Bucaramanga","Comuna","Aeropuerto",2
"629","Santander","Bucaramanga","Comuna","Alarc",2
"630","Santander","Bucaramanga","Comuna","Alvarez",2
"631","Santander","Bucaramanga","Comuna","El",2
"632","Santander","Bucaramanga","Comuna","Los",2
"633","Santander","Bucaramanga","Comuna","Mejoras",2
"634","Santander","Bucaramanga","provenza","Bucaramanga",2
"635","Santander","Floridablanca","Floridablanca","Villabel",2
"636","Tolima","Ibagu","Comuna","Ciudadela",2
"637","Tolima","Ibagu","Comuna","Fuente",2
"638","Tolima","Ibagu","Comuna","Piedra",2
"639","Tolima","Ibagu","Comuna","Tolima",2
"640","Valle","Cali","Comuna","Asprosocial",2
"641","Valle","Cali","Comuna","Centenario",2
"642","Valle","Cali","Comuna","Chiminagos",2
"643","Valle","Cali","Comuna","Compartir",2
"644","Valle","Cali","Comuna","Las",2
"645","Valle","Cali","Comuna","Nueva",2
"646","Valle","Cali","Comuna","Salomia",2
"647","Valle","Cali","Comuna","Unicentro",2
"648","Valle","Cali","Comuna","Vallado",2
"649","Valle","Cali","Comuna","Vipasa",2
"650","Valle","Cartago","Comuna","Los",2
"651","Valle","Jamund","Jamund","Paraiso",2
"652","Valle","Jamund","Jamund","Urbanizaci",2
"653","Valle","Tulu","Comuna","Avenida",2
"654","Valle","Tulu","Comuna","Chiminangos",2
"655","Antioquia","Angel","Angel","Calle",1
"656","Antioquia","Apartad","Comuna","El",1
"657","Antioquia","Argelia","Argelia","Vereda",1
"658","Antioquia","Barbosa","Barbosa","Pepe",1
"659","Antioquia","Bello","Bellavista","La",1
"660","Antioquia","Bello","Bello","Vereda",1
"661","Antioquia","Bello","Fontidue","Machado",1
"662","Antioquia","Bello","Su","La",1
"663","Antioquia","Bello","Su","Lopez",1
"664","Antioquia","Bello","Su","P",1
"665","Antioquia","Betulia","Betulia","Tolima",1
"666","Antioquia","El","El","Vereda",1
"667","Antioquia","Envigado","Envigado","Alcal",1
"668","Antioquia","Envigado","Envigado","Camino",1
"669","Antioquia","Envigado","Envigado","Jardines",1
"670","Antioquia","Envigado","Envigado","Las",1
"671","Antioquia","Envigado","Envigado","Obrero",1
"672","Antioquia","Envigado","Envigado","Se",1
"673","Antioquia","Girardota","Girardota","Girardota",1
"674","Antioquia","Itag","Comuna","Calatrava",1
"675","Antioquia","La","La","Barrios",1
"676","Antioquia","La","La","Vereda",1
"677","Antioquia","Marinilla","Marinillao","Panorama",1
"678","Antioquia","Medell","Comuna","Antonio",1
"679","Antioquia","Medell","Comuna","Aures",1
"680","Antioquia","Medell","Comuna","Cucaracho",1
"681","Antioquia","Medell","Comuna","Francisco",1
"682","Antioquia","Medell","Comuna","Girardot",1
"683","Antioquia","Medell","Comuna","L",1
"684","Antioquia","Medell","Comuna","Lorena",1
"685","Antioquia","Medell","Comuna","Malib",1
"686","Antioquia","Medell","Comuna","Miravalle",1
"687","Antioquia","Medell","Comuna","Pablo",1
"688","Antioquia","Medell","Comuna","Robledo",1
"689","Antioquia","Medell","Comuna","Versalles",1
"690","Antioquia","Medell","Comuna","Villa",1
"691","Antioquia","Medell","Comuna","estadio",1
"692","Antioquia","Sabaneta","Sabaneta","Aves",1
"693","Antioquia","Sabaneta","Sabaneta","La",1
"694","Arauca","Arauca","Comuna","Bulevar",1
"695","Arauca","Arauca","Comuna","Fundadores",1
"696","Atl","Baranoa","Baranoa","La",1
"697","Atl","Barranquilla","Metropolitana","Ciudadela",1
"698","Atl","Barranquilla","Norte","La",1
"699","Atl","Barranquilla","Norte","Las",1
"700","Atl","Barranquilla","Riomar","Alto",1
"701","Atl","Barranquilla","Riomar","Andaluc",1
"702","Atl","Barranquilla","Sur","Chiquinquir",1
"703","Atl","Barranquilla","Sur","El",1
"704","Atl","Barranquilla","Sur","Lucero",1
"705","Atl","Barranquilla","Sur","Nueva",1
"706","Atl","Puerto","Puerto","Corregimiento",1
"707","Atl","Soledad","Soledad","Altos",1
"708","Atl","Soledad","Soledad","La",1
"709","Atl","Soledad","Soledad","Las",1
"710","Atl","Soledad","Soledad","Moras",1
"711","Atl","Soledad","Soledad","Soledad",1
"712","Bol","Cartagena","De","La",1
"713","Bol","Cartagena","Hist","Alto",1
"714","Bol","Cartagena","Hist","Islas",1
"715","Bol","Cartagena","Industrial","Mamonal",1
"716","Boyac","Tunja","Comuna","Bogot",1
"717","Boyac","Tunja","Comuna","Los",1
"718","Boyac","Tunja","Comuna","Palos",1
"719","C","Monter","Monteria","Corregimiento",1
"720","Caldas","Aguadas","Aguadas","El",1
"721","Caldas","Aranzazu","Aranzazu","Galeria",1
"722","Caldas","Manizales","Comuna","Alta",1
"723","Caldas","Manizales","Comuna","Balcones",1
"724","Caquet","Florencia","Comuna","El",1
"725","Caquet","Florencia","Corregimiento","Vereda",1
"726","Casanare","Yopal","Comuna","Aerocivil",1
"727","Cauca","Cajib","Corregimiento","Vereda",1
"728","Cauca","Popay","Comuna","Santa",1
"729","Cesar","Becerril","Becerril","Corregimiento",1
"730","Cesar","Valledupar","Comuna","Novalito",1
"731","Cundinamarca","Anapoima","Anapoima","Colombia",1
"732","Cundinamarca","Anolaima","Anolaima","Lagos",1
"733","Cundinamarca","Anolaima","Anolaima","Villa",1
"734","Cundinamarca","Apulo","Apulo","El",1
"735","Cundinamarca","Bogot","Antonio","Caracas",1
"736","Cundinamarca","Bogot","Antonio","Luna",1
"737","Cundinamarca","Bogot","Barrios","Benjamin",1
"738","Cundinamarca","Bogot","Barrios","Concepcion",1
"739","Cundinamarca","Bogot","Barrios","El",1
"740","Cundinamarca","Bogot","Barrios","POLO",1
"741","Cundinamarca","Bogot","Barrios","Vizcaya",1
"742","Cundinamarca","Bogot","Bosa","Andalucia",1
"743","Cundinamarca","Bogot","Bosa","Bosalinda",1
"744","Cundinamarca","Bogot","Bosa","Brasil",1
"745","Cundinamarca","Bogot","Bosa","Ciudadela",1
"746","Cundinamarca","Bogot","Bosa","Jimenez",1
"747","Cundinamarca","Bogot","Bosa","Olarte",1
"748","Cundinamarca","Bogot","Chapinero","Granada",1
"749","Cundinamarca","Bogot","Chapinerode","Chapinero",1
"750","Cundinamarca","Bogot","Ciudad","Barranquitos",1
"751","Cundinamarca","Bogot","Ciudad","Casalinda",1
"752","Cundinamarca","Bogot","Ciudad","Conjunto",1
"753","Cundinamarca","Bogot","Ciudad","Empresa",1
"754","Cundinamarca","Bogot","Ciudad","Jerusalen",1
"755","Cundinamarca","Bogot","Ciudad","Monterrey",1
"756","Cundinamarca","Bogot","Ciudad","Primavera",1
"757","Cundinamarca","Bogot","Engativ","Bosques",1
"758","Cundinamarca","Bogot","Engativ","Granjas",1
"759","Cundinamarca","Bogot","Engativ","Marandu",1
"760","Cundinamarca","Bogot","Engativ","Molinos",1
"761","Cundinamarca","Bogot","Engativ","lamos",1
"762","Cundinamarca","Bogot","Fontib","Ferrocaja",1
"763","Cundinamarca","Bogot","Fontib","Montevideo",1
"764","Cundinamarca","Bogot","Fontib","Puerta",1
"765","Cundinamarca","Bogot","Kennedy","Agrupaci",1
"766","Cundinamarca","Bogot","Kennedy","Alqueria",1
"767","Cundinamarca","Bogot","Kennedy","Andalucia",1
"768","Cundinamarca","Bogot","Kennedy","Bombay",1
"769","Cundinamarca","Bogot","Kennedy","Class",1
"770","Cundinamarca","Bogot","Kennedy","Cooperativa",1
"771","Cundinamarca","Bogot","Kennedy","Jacqueline",1
"772","Cundinamarca","Bogot","Kennedy","Jazmin",1
"773","Cundinamarca","Bogot","Kennedy","Kennedy",1
"774","Cundinamarca","Bogot","Kennedy","Morabia",1
"775","Cundinamarca","Bogot","Kennedy","Perpetuo",1
"776","Cundinamarca","Bogot","Kennedy","Renania",1
"777","Cundinamarca","Bogot","Kennedy","Tierra",1
"778","Cundinamarca","Bogot","Kennedy","Unidad",1
"779","Cundinamarca","Bogot","Kennedy","pio",1
"780","Cundinamarca","Bogot","KennedyTintal","El",1
"781","Cundinamarca","Bogot","La","Bel",1
"782","Cundinamarca","Bogot","La","Centro",1
"783","Cundinamarca","Bogot","Puente","Colon",1
"784","Cundinamarca","Bogot","Puente","Ospina",1
"785","Cundinamarca","Bogot","Puente","Ponderosa",1
"786","Cundinamarca","Bogot","Puente","Urbanizaci",1
"787","Cundinamarca","Bogot","Rafael","Callejon",1
"788","Cundinamarca","Bogot","Rafael","Centenario",1
"789","Cundinamarca","Bogot","Rafael","Cerros",1
"790","Cundinamarca","Bogot","Rafael","Diana",1
"791","Cundinamarca","Bogot","Rafael","La",1
"792","Cundinamarca","Bogot","Rafael","Murillo",1
"793","Cundinamarca","Bogot","Rafael","Sociego",1
"794","Cundinamarca","Bogot","San","Atenas",1
"795","Cundinamarca","Bogot","San","Buenos",1
"796","Cundinamarca","Bogot","San","Las",1
"797","Cundinamarca","Bogot","San","Macarena",1
"798","Cundinamarca","Bogot","San","Nueva",1
"799","Cundinamarca","Bogot","San","Quindio",1
"800","Cundinamarca","Bogot","San","Vitelma",1
"801","Cundinamarca","Bogot","Santa","El",1
"802","Cundinamarca","Bogot","Santa","Vereda",1
"803","Cundinamarca","Bogot","Santa","Vitelma",1
"804","Cundinamarca","Bogot","Suba","Arrayanes",1
"805","Cundinamarca","Bogot","Suba","Balcones",1
"806","Cundinamarca","Bogot","Suba","Berlin",1
"807","Cundinamarca","Bogot","Suba","Bosques",1
"808","Cundinamarca","Bogot","Suba","Camino",1
"809","Cundinamarca","Bogot","Suba","Gloria",1
"810","Cundinamarca","Bogot","Suba","Lindaraja",1
"811","Cundinamarca","Bogot","Suba","Miraflores",1
"812","Cundinamarca","Bogot","Suba","Pijao",1
"813","Cundinamarca","Bogot","Suba","Tibabuyes",1
"814","Cundinamarca","Bogot","Suba","Tierra",1
"815","Cundinamarca","Bogot","Suba","Vista",1
"816","Cundinamarca","Bogot","Subap","Prado",1
"817","Cundinamarca","Bogot","Subaq","Prado",1
"818","Cundinamarca","Bogot","Teusaquillo","CENTRO",1
"819","Cundinamarca","Bogot","Teusaquillo","CORFERIAS",1
"820","Cundinamarca","Bogot","Teusaquillo","Castilla",1
"821","Cundinamarca","Bogot","Teusaquillo","EL",1
"822","Cundinamarca","Bogot","Teusaquillo","QUINTA",1
"823","Cundinamarca","Bogot","Teusaquillo","acevedo",1
"824","Cundinamarca","Bogot","TeusaquilloNBBB","El",1
"825","Cundinamarca","Bogot","Tunjuelito","Conjunto",1
"826","Cundinamarca","Bogot","Tunjuelito","El",1
"827","Cundinamarca","Bogot","Tunjuelito","Escuela",1
"828","Cundinamarca","Bogot","Usaqu","Altablanca",1
"829","Cundinamarca","Bogot","Usaqu","Arcadia",1
"830","Cundinamarca","Bogot","Usaqu","Bellavista",1
"831","Cundinamarca","Bogot","Usaqu","Capri",1
"832","Cundinamarca","Bogot","Usaqu","Dardanelos",1
"833","Cundinamarca","Bogot","Usaqu","Francisco",1
"834","Cundinamarca","Bogot","Usaqu","Ginebra",1
"835","Cundinamarca","Bogot","Usaqu","Jardin",1
"836","Cundinamarca","Bogot","Usaqu","Los",1
"837","Cundinamarca","Bogot","Usaqu","Sagrado",1
"838","Cundinamarca","Bogot","Usaqu","Soratama",1
"839","Cundinamarca","Bogot","Usaqu","san",1
"840","Cundinamarca","Bogot","Usme","Alfonso",1
"841","Cundinamarca","Bogot","Usme","Brisas",1
"842","Cundinamarca","Bogot","Usme","Comuneros",1
"843","Cundinamarca","Bogot","Usme","Los",1
"844","Cundinamarca","Bogot","Usme","San",1
"845","Cundinamarca","Bogot","Usme","Santa",1
"846","Cundinamarca","Bogot","Usme","Villa",1
"847","Cundinamarca","Cachipay","Cachipay","Vereda",1
"848","Cundinamarca","Cajic","Cajic","Huertas",1
"849","Cundinamarca","Ch","Ch","Fontanar",1
"850","Cundinamarca","Ch","Ch","Sindamanoy",1
"851","Cundinamarca","Ch","Ch","Tiquiza",1
"852","Cundinamarca","Cota","Cota","Vereda",1
"853","Cundinamarca","Fusagasug","Comuna","Antiguo",1
"854","Cundinamarca","Fusagasug","Comuna","El",1
"855","Cundinamarca","Fusagasug","Comuna","San",1
"856","Cundinamarca","Fusagasug","Comuna","Santa",1
"857","Cundinamarca","Fusagasug","Corregimiento","Vereda",1
"858","Cundinamarca","Girardot","Comuna","Granada",1
"859","Cundinamarca","Girardot","Comuna","Los",1
"860","Cundinamarca","Girardot","Comuna","Portal",1
"861","Cundinamarca","Girardot","Comuna","el",1
"862","Cundinamarca","La","La","La",1
"863","Cundinamarca","La","La","Vereda",1
"864","Cundinamarca","Mosquera","Mosquera","Mallorca",1
"865","Cundinamarca","Mosquera","Mosquera","Sol",1
"866","Cundinamarca","Soacha","Comuna","Le",1
"867","Cundinamarca","Soacha","Comuna","Parque",1
"868","Cundinamarca","Soacha","Comuna","San",1
"869","Cundinamarca","Subachoque","Subachoque","Vereda",1
"870","Cundinamarca","Villeta","Villeta","Vereda",1
"871","Cundinamarca","Zipaquir","Comuna","Algarra",1
"872","Cundinamarca","t","B","Metropolis",1
"873","Huila","Garz","Garz","Ciudadela",1
"874","Huila","Garz","Garz","Granjas",1
"875","Huila","Garz","Garz","Vereda",1
"876","Huila","Neiva","Comuna","Alberto",1
"877","Huila","Neiva","Comuna","Asoproneiva",1
"878","Huila","Neiva","Comuna","Ipanema",1
"879","Huila","Neiva","Comuna","Siete",1
"880","Magdalena","Santa","Comuna","Aeromar",1
"881","Magdalena","Santa","Comuna","Altos",1
"882","Magdalena","Santa","Comuna","Bello",1
"883","Magdalena","Santa","Comuna","Los",1
"884","Magdalena","Santa","Comuna","Pozos",1
"885","Magdalena","Santa","Comuna","Taganga",1
"886","Magdalena","Santa","Comuna","Urbanizaci",1
"887","Meta","Villavicencio","Comuna","El",1
"888","Meta","Villavicencio","Corregimiento","Vereda",1
"889","Nari","Pasto","Comuna","De",1
"890","Nari","Pasto","Comuna","El",1
"891","Norte","C","Comuna","C",1
"892","Norte","C","Comuna","Motilones",1
"893","Norte","Los","Los","El",1
"894","Norte","Oca","Corregimiento","Vereda",1
"895","Norte","Villa","Villa","Corregimiento",1
"896","Norte","Villa","Villa","Pie",1
"897","Quind","Calarca","Corregimiento","Pablo",1
"898","Risaralda","Dosquebradas","Comuna","Buenos",1
"899","Risaralda","Dosquebradas","Comuna","San",1
"900","Risaralda","Pereira","Comuna","Bosques",1
"901","Risaralda","Pereira","Comuna","Cedritos",1
"902","Risaralda","Pereira","Comuna","Laureles",1
"903","Risaralda","Pereira","Comuna","Parque",1
"904","Risaralda","Pereira","Comuna","Pereira",1
"905","Risaralda","Pereira","Comuna","Pinares",1
"906","Risaralda","Pereira","Comuna","Pueblito",1
"907","Risaralda","Pereira","Comuna","Rafael",1
"908","Risaralda","Pereira","Comuna","Risaralda",1
"909","Santander","Barbosa","Barbosa","Urbanizaci",1
"910","Santander","Barrancabermeja","Comuna","Chic",1
"911","Santander","Barrancabermeja","Comuna","Gal",1
"912","Santander","Barrancabermeja","Comuna","Palmira",1
"913","Santander","Bucaramanga","Comuna","Bol",1
"914","Santander","Bucaramanga","Comuna","Brisas",1
"915","Santander","Bucaramanga","Comuna","Candiles",1
"916","Santander","Bucaramanga","Comuna","Comuneros",1
"917","Santander","Bucaramanga","Comuna","Dangond",1
"918","Santander","Bucaramanga","Comuna","Jardines",1
"919","Santander","Bucaramanga","Comuna","Rinc",1
"920","Santander","Bucaramanga","Comuna","Toledo",1
"921","Santander","Bucaramanga","fontana","Bucaramanga",1
"922","Santander","Floridablanca","Floridablanca","Ciudad",1
"923","Santander","Floridablanca","Floridablanca","Palomitas",1
"924","Santander","Floridablanca","Floridablanca","Portal",1
"925","Santander","Gir","Gir","Ciudad",1
"926","Santander","Gir","Gir","Espa",1
"927","Santander","Gir","Gir","Rincon",1
"928","Santander","Piedecuesta","Piedecuesta","Callejuelas",1
"929","Tolima","Flandes","Flandes","Urbanizaci",1
"930","Tolima","Ibagu","Comuna","Bel",1
"931","Tolima","Ibagu","Comuna","Ca",1
"932","Tolima","Ibagu","Comuna","La",1
"933","Tolima","Ibagu","Comuna","Macarena",1
"934","Valle","Andaluc","Andaluc","Urbanizaci",1
"935","Valle","Buenaventura","Buenaventura","Corregimiento",1
"936","Valle","Buenaventura","Comuna","Alfonso",1
"937","Valle","Buenaventura","Comuna","Bosque",1
"938","Valle","Cali","Comuna","Aguacatal",1
"939","Valle","Cali","Comuna","Altos",1
"940","Valle","Cali","Comuna","Arroyohondo",1
"941","Valle","Cali","Comuna","Barrio",1
"942","Valle","Cali","Comuna","Base",1
"943","Valle","Cali","Comuna","Belisario",1
"944","Valle","Cali","Comuna","Bella",1
"945","Valle","Cali","Comuna","Bochalema",1
"946","Valle","Cali","Comuna","Bosques",1
"947","Valle","Cali","Comuna","Breta",1
"948","Valle","Cali","Comuna","Buenos",1
"949","Valle","Cali","Comuna","Ca",1
"950","Valle","Cali","Comuna","Champagnat",1
"951","Valle","Cali","Comuna","Colseguros",1
"952","Valle","Cali","Comuna","Cuarto",1
"953","Valle","Cali","Comuna","Dapa",1
"954","Valle","Cali","Comuna","Departamental",1
"955","Valle","Cali","Comuna","Flora",1
"956","Valle","Cali","Comuna","Jos",1
"957","Valle","Cali","Comuna","Mayapan",1
"958","Valle","Cali","Comuna","Mojica",1
"959","Valle","Cali","Comuna","Ol",1
"960","Valle","Cali","Comuna","Petecuy",1
"961","Valle","Cali","Comuna","Primero",1
"962","Valle","Cali","Comuna","Rep",1
"963","Valle","Cali","Comuna","Versalles",1
"964","Valle","Cali","Comuna","de",1
"965","Valle","Cali","palmira","Valle",1
"966","Valle","Candelaria","Candelaria","Zona",1
"967","Valle","Cartago","Comuna","Bella",1
"968","Valle","Cartago","Comuna","El",1
"969","Valle","Cartago","Comuna","San",1
"970","Valle","Jamund","Jamund","Solares",1
"971","Valle","La","La","Vereda",1
"972","Valle","Palmira","Comuna","Corregimiento",1
"973","Valle","Palmira","Comuna","El",1
"974","Valle","Tulu","Comuna","Las",1
"975","Valle","Tulu","Corregimiento","Vereda",1
"976","Valle","Yumbo","Otras","Acopi",1
"977","Valle","Yumbo","Otras","Am",1
